Area,Area Id,Year,Value
Afghanistan,2,1962,6992
Afghanistan,2,1967,6301
Afghanistan,2,1972,5576
Afghanistan,2,1977,5004
Afghanistan,2,1982,5157
Afghanistan,2,1987,5762
Afghanistan,2,1992,4753
Afghanistan,2,1997,3623
Afghanistan,2,2002,3040
Afghanistan,2,2007,2525
Afghanistan,2,2012,2198
Afghanistan,2,2014,2008
Albania,3,1962,17376
Albania,3,1967,15108
Albania,3,1972,13398
Albania,3,1977,11994
Albania,3,1982,10832
Albania,3,1987,9676
Albania,3,1992,9318
Albania,3,1997,9767
Albania,3,2002,9670
Albania,3,2007,10030
Albania,3,2012,10482
Albania,3,2014,10425
Algeria,4,1962,998.3
Algeria,4,1967,873.9
Algeria,4,1972,758.9
Algeria,4,1977,659.7
Algeria,4,1982,567.2
Algeria,4,1987,487.9
Algeria,4,1992,429.3
Algeria,4,1997,390.5
Algeria,4,2002,364.8
Algeria,4,2007,340.6
Algeria,4,2012,311.7
Algeria,4,2014,294.2
Andorra,6,1962,20520
Andorra,6,1967,15210
Andorra,6,1972,11737
Andorra,6,1977,9631
Andorra,6,1982,8070
Andorra,6,1987,6513
Andorra,6,1992,5358
Andorra,6,1997,4920
Andorra,6,2002,4442
Andorra,6,2007,3718
Andorra,6,2012,3979
Andorra,6,2014,4479
Angola,7,1962,27150
Angola,7,1967,24887
Angola,7,1972,22526
Angola,7,1977,19784
Angola,7,1982,16848
Angola,7,1987,14427
Angola,7,1992,12524
Angola,7,1997,10752
Angola,7,2002,9212
Angola,7,2007,7736
Angola,7,2012,6541
Angola,7,2014,5931
Antigua and Barbuda,8,1962,923.5
Antigua and Barbuda,8,1967,838.7
Antigua and Barbuda,8,1972,773.8
Antigua and Barbuda,8,1977,740.5
Antigua and Barbuda,8,1982,754.2
Antigua and Barbuda,8,1987,819.2
Antigua and Barbuda,8,1992,819.8
Antigua and Barbuda,8,1997,719.9
Antigua and Barbuda,8,2002,649.8
Antigua and Barbuda,8,2007,616.1
Antigua and Barbuda,8,2012,583.8
Antigua and Barbuda,8,2014,566.3
Argentina,9,1962,41159
Argentina,9,1967,38209
Argentina,9,1972,35355
Argentina,9,1977,32598
Argentina,9,1982,30220
Argentina,9,1987,27970
Argentina,9,1992,26035
Argentina,9,1997,24452
Argentina,9,2002,23125
Argentina,9,2007,21921
Argentina,9,2012,20815
Argentina,9,2014,20181
Armenia,1,1992,2252
Armenia,1,1997,2476
Armenia,1,2002,2550
Armenia,1,2007,2600
Armenia,1,2012,2609
Armenia,1,2014,2574
Australia,10,1962,46020
Australia,10,1967,41082
Australia,10,1972,36815
Australia,10,1977,34619
Australia,10,1982,32581
Australia,10,1987,30156
Australia,10,1992,28053
Australia,10,1997,26576
Australia,10,2002,25213
Australia,10,2007,23455
Australia,10,2012,21474
Australia,10,2014,20527
Austria,11,1962,10866
Austria,11,1967,10513
Austria,11,1972,10259
Austria,11,1977,10189
Austria,11,1982,10239
Austria,11,1987,10192
Austria,11,1992,9945
Austria,11,1997,9694
Austria,11,2002,9575
Austria,11,2007,9360
Austria,11,2012,9190
Austria,11,2014,9093
Azerbaijan,52,1992,4654
Azerbaijan,52,1997,4378
Azerbaijan,52,2002,4188
Azerbaijan,52,2007,3958
Azerbaijan,52,2012,3705
Azerbaijan,52,2014,3555
Bahamas,12,1962,5780
Bahamas,12,1967,4587
Bahamas,12,1972,3937
Bahamas,12,1977,3551
Bahamas,12,1982,3177
Bahamas,12,1987,2876
Bahamas,12,1992,2631
Bahamas,12,1997,2439
Bahamas,12,2002,2264
Bahamas,12,2007,2045
Bahamas,12,2012,1880
Bahamas,12,2014,1804
Bahrain,13,1962,670.1
Bahrain,13,1967,591.2
Bahrain,13,1972,505.2
Bahrain,13,1977,382.6
Bahrain,13,1982,300.5
Bahrain,13,1987,258.4
Bahrain,13,1992,221.9
Bahrain,13,1997,194
Bahrain,13,2002,159.9
Bahrain,13,2007,113
Bahrain,13,2012,86.96
Bahrain,13,2014,84.24
Bangladesh,16,1962,24044
Bangladesh,16,1967,20579
Bangladesh,16,1972,18157
Bangladesh,16,1977,16393
Bangladesh,16,1982,14289
Bangladesh,16,1987,12501
Bangladesh,16,1992,11055
Bangladesh,16,1997,9929
Bangladesh,16,2002,9007
Bangladesh,16,2007,8370
Bangladesh,16,2012,7903
Bangladesh,16,2014,7621
Barbados,14,1962,343.9
Barbados,14,1967,338.1
Barbados,14,1972,331.4
Barbados,14,1977,321.5
Barbados,14,1982,315.2
Barbados,14,1987,310.6
Barbados,14,1992,305.1
Barbados,14,1997,299.7
Barbados,14,2002,294.7
Barbados,14,2007,289.6
Barbados,14,2012,284.1
Barbados,14,2014,281.5
Belarus,57,1992,5657
Belarus,57,1997,5738
Belarus,57,2002,5893
Belarus,57,2007,6059
Belarus,57,2012,6101
Belarus,57,2014,6097
Belgium,255,1962,1991
Belgium,255,1967,1931
Belgium,255,1972,1896
Belgium,255,1977,1877
Belgium,255,1982,1863
Belgium,255,1987,1854
Belgium,255,1992,1827
Belgium,255,1997,1795
Belgium,255,2002,1766
Belgium,255,2007,1709
Belgium,255,2012,1652
Belgium,255,2014,1620
Belize,23,1962,223124
Belize,23,1967,192813
Belize,23,1972,170833
Belize,23,1977,158613
Belize,23,1982,143432
Belize,23,1987,124670
Belize,23,1992,111837
Belize,23,1997,98060
Belize,23,2002,82876
Belize,23,2007,72822
Belize,23,2012,64538
Belize,23,2014,60479
Benin,53,1962,10543
Benin,53,1967,9656
Benin,53,1972,8684
Benin,53,1977,7689
Benin,53,1982,6713
Benin,53,1987,5805
Benin,53,1992,4907
Benin,53,1997,4149
Benin,53,2002,3559
Benin,53,2007,3031
Benin,53,2012,2626
Benin,53,2014,2426
Bhutan,18,1962,404772
Bhutan,18,1967,356741
Bhutan,18,1972,303806
Bhutan,18,1977,253469
Bhutan,18,1982,218692
Bhutan,18,1987,189621
Bhutan,18,1992,179890
Bhutan,18,1997,155500
Bhutan,18,2002,135361
Bhutan,18,2007,114453
Bhutan,18,2012,104881
Bhutan,18,2014,100671
Bolivia (Plurinational State of),19,1962,149557
Bolivia (Plurinational State of),19,1967,135473
Bolivia (Plurinational State of),19,1972,122180
Bolivia (Plurinational State of),19,1977,109668
Bolivia (Plurinational State of),19,1982,98372
Bolivia (Plurinational State of),19,1987,88786
Bolivia (Plurinational State of),19,1992,80482
Bolivia (Plurinational State of),19,1997,72926
Bolivia (Plurinational State of),19,2002,66335
Bolivia (Plurinational State of),19,2007,60799
Bolivia (Plurinational State of),19,2012,56060
Bolivia (Plurinational State of),19,2014,53520
Bosnia and Herzegovina,80,1992,8719
Bosnia and Herzegovina,80,1997,9923
Bosnia and Herzegovina,80,2002,9848
Bosnia and Herzegovina,80,2007,9766
Bosnia and Herzegovina,80,2012,9796
Bosnia and Herzegovina,80,2014,9843
Botswana,20,1962,22255
Botswana,20,1967,19389
Botswana,20,1972,16545
Botswana,20,1977,13787
Botswana,20,1982,11439
Botswana,20,1987,9707
Botswana,20,1992,8384
Botswana,20,1997,7436
Botswana,20,2002,6849
Botswana,20,2007,6342
Botswana,20,2012,5738
Botswana,20,2014,5411
Brazil,21,1962,112287
Brazil,21,1967,97317
Brazil,21,1972,85746
Brazil,21,1977,76000
Brazil,21,1982,67526
Brazil,21,1987,60708
Brazil,21,1992,55651
Brazil,21,1997,51503
Brazil,21,2002,47761
Brazil,21,2007,44853
Brazil,21,2012,42722
Brazil,21,2014,41603
Brunei Darussalam,26,1962,94866
Brunei Darussalam,26,1967,75421
Brunei Darussalam,26,1972,59944
Brunei Darussalam,26,1977,48907
Brunei Darussalam,26,1982,41443
Brunei Darussalam,26,1987,36017
Brunei Darussalam,26,1992,31250
Brunei Darussalam,26,1997,27437
Brunei Darussalam,26,2002,24752
Brunei Darussalam,26,2007,22697
Brunei Darussalam,26,2012,20962
Brunei Darussalam,26,2014,20085
Bulgaria,27,1962,2661
Bulgaria,27,1967,2557
Bulgaria,27,1972,2478
Bulgaria,27,1977,2423
Bulgaria,27,1982,2389
Bulgaria,27,1987,2381
Bulgaria,27,1992,2461
Bulgaria,27,1997,2598
Bulgaria,27,2002,2707
Bulgaria,27,2007,2814
Bulgaria,27,2012,2916
Bulgaria,27,2014,2979
Burkina Faso,233,1962,2722
Burkina Faso,233,1967,2527
Burkina Faso,233,1972,2318
Burkina Faso,233,1977,2110
Burkina Faso,233,1982,1886
Burkina Faso,233,1987,1658
Burkina Faso,233,1992,1452
Burkina Faso,233,1997,1266
Burkina Faso,233,2002,1098
Burkina Faso,233,2007,946.4
Burkina Faso,233,2012,813.7
Burkina Faso,233,2014,745.6
Burundi,29,1962,4332
Burundi,29,1967,3876
Burundi,29,1972,3535
Burundi,29,1977,3278
Burundi,29,1982,2877
Burundi,29,1987,2454
Burundi,29,1992,2127
Burundi,29,1997,1953
Burundi,29,2002,1751
Burundi,29,2007,1473
Burundi,29,2012,1239
Burundi,29,2014,1122
Cabo Verde,35,1962,1422
Cabo Verde,35,1967,1206
Cabo Verde,35,1972,1096
Cabo Verde,35,1977,1089
Cabo Verde,35,1982,1013
Cabo Verde,35,1987,925.9
Cabo Verde,35,1992,836.8
Cabo Verde,35,1997,732.1
Cabo Verde,35,2002,658.8
Cabo Verde,35,2007,623.3
Cabo Verde,35,2012,598.9
Cabo Verde,35,2014,576.4
Cambodia,115,1962,78995
Cambodia,115,1967,71113
Cambodia,115,1972,64943
Cambodia,115,1977,65924
Cambodia,115,1982,68553
Cambodia,115,1987,57863
Cambodia,115,1992,49291
Cambodia,115,1997,41988
Cambodia,115,2002,37541
Cambodia,115,2007,34678
Cambodia,115,2012,32100
Cambodia,115,2014,30562
Cameroon,32,1962,50608
Cameroon,32,1967,45072
Cameroon,32,1972,39683
Cameroon,32,1977,34575
Cameroon,32,1982,29860
Cameroon,32,1987,25662
Cameroon,32,1992,22122
Cameroon,32,1997,19245
Cameroon,32,2002,16872
Cameroon,32,2007,14839
Cameroon,32,2012,13071
Cameroon,32,2014,12127
Canada,33,1962,155520
Canada,33,1967,142332
Canada,33,1972,131063
Canada,33,1977,122323
Canada,33,1982,115996
Canada,33,1987,109336
Canada,33,1992,102349
Canada,33,1997,97151
Canada,33,2002,92748
Canada,33,2007,87987
Canada,33,2012,83228
Canada,33,2014,80746
Central African Republic,37,1962,90559
Central African Republic,37,1967,82024
Central African Republic,37,1972,74171
Central African Republic,37,1977,66888
Central African Republic,37,1982,58458
Central African Republic,37,1987,51254
Central African Republic,37,1992,45646
Central African Republic,37,1997,40309
Central African Republic,37,2002,36528
Central African Republic,37,2007,33555
Central African Republic,37,2012,30519
Central African Republic,37,2014,28776
Chad,39,1962,14638
Chad,39,1967,13300
Chad,39,1972,11976
Chad,39,1977,10740
Chad,39,1982,9690
Chad,39,1987,8449
Chad,39,1992,7197
Chad,39,1997,6098
Chad,39,2002,5077
Chad,39,2007,4239
Chad,39,2012,3594
Chad,39,2014,3256
Chile,40,1962,114614
Chile,40,1967,102624
Chile,40,1972,93083
Chile,40,1977,85902
Chile,40,1982,79791
Chile,40,1987,73807
Chile,40,1992,68040
Chile,40,1997,63252
Chile,40,2002,59382
Chile,40,2007,56071
Chile,40,2012,53088
Chile,40,2014,51432
China,351,1962,4175
China,351,1967,3728
China,351,1972,3267
China,351,1977,2964
China,351,1982,2759
China,351,1987,2540
China,351,1992,2337
China,351,1997,2226
China,351,2002,2161
China,351,2007,2104
China,351,2012,2049
China,351,2014,2018
Colombia,44,1962,134857
Colombia,44,1967,116193
Colombia,44,1972,101957
Colombia,44,1977,91102
Colombia,44,1982,81304
Colombia,44,1987,73011
Colombia,44,1992,66369
Colombia,44,1997,61069
Colombia,44,2002,56769
Colombia,44,2007,53183
Colombia,44,2012,50340
Colombia,44,2014,48933
Comoros,45,1962,6154
Comoros,45,1967,5607
Comoros,45,1972,5046
Comoros,45,1977,4356
Comoros,45,1982,3654
Comoros,45,1987,3161
Comoros,45,1992,2726
Comoros,45,1997,2369
Comoros,45,2002,2086
Comoros,45,2007,1848
Comoros,45,2012,1636
Comoros,45,2014,1522
Congo,46,1962,779026
Congo,46,1967,679739
Congo,46,1972,586328
Congo,46,1977,503937
Congo,46,1982,435374
Congo,46,1987,377838
Congo,46,1992,330815
Congo,46,1997,289492
Congo,46,2002,255450
Congo,46,2007,223897
Congo,46,2012,194120
Congo,46,2014,180087
Costa Rica,48,1962,78856
Costa Rica,48,1967,66667
Costa Rica,48,1972,58038
Costa Rica,48,1977,51178
Costa Rica,48,1982,44823
Costa Rica,48,1987,39345
Costa Rica,48,1992,34695
Costa Rica,48,1997,30682
Costa Rica,48,2002,27812
Costa Rica,48,2007,25864
Costa Rica,48,2012,24280
Costa Rica,48,2014,23502
C“te d'Ivoire,107,1962,22497
C“te d'Ivoire,107,1967,18327
C“te d'Ivoire,107,1972,14638
C“te d'Ivoire,107,1977,11626
C“te d'Ivoire,107,1982,9347
C“te d'Ivoire,107,1987,7691
C“te d'Ivoire,107,1992,6449
C“te d'Ivoire,107,1997,5501
C“te d'Ivoire,107,2002,4896
C“te d'Ivoire,107,2007,4461
C“te d'Ivoire,107,2012,3987
C“te d'Ivoire,107,2014,3706
Croatia,98,1992,22290
Croatia,98,1997,23279
Croatia,98,2002,23994
Croatia,98,2007,24214
Croatia,98,2012,24609
Croatia,98,2014,24882
Cuba,49,1962,5117
Cuba,49,1967,4613
Cuba,49,1972,4224
Cuba,49,1977,3956
Cuba,49,1982,3840
Cuba,49,1987,3712
Cuba,49,1992,3551
Cuba,49,1997,3465
Cuba,49,2002,3408
Cuba,49,2007,3378
Cuba,49,2012,3361
Cuba,49,2014,3347
Cyprus,50,1962,1350
Cyprus,50,1967,1319
Cyprus,50,1972,1242
Cyprus,50,1977,1172
Cyprus,50,1982,1128
Cyprus,50,1987,1078
Cyprus,50,1992,974.1
Cyprus,50,1997,875.7
Cyprus,50,2002,796
Cyprus,50,2007,733.8
Cyprus,50,2012,690.9
Cyprus,50,2014,669.5
Czech Republic,167,1997,1275
Czech Republic,167,2002,1286
Czech Republic,167,2007,1273
Czech Republic,167,2012,1247
Czech Republic,167,2014,1247
Democratic People's Republic of Korea,116,1962,6498
Democratic People's Republic of Korea,116,1967,5835
Democratic People's Republic of Korea,116,1972,5071
Democratic People's Republic of Korea,116,1977,4603
Democratic People's Republic of Korea,116,1982,4310
Democratic People's Republic of Korea,116,1987,3990
Democratic People's Republic of Korea,116,1992,3702
Democratic People's Republic of Korea,116,1997,3469
Democratic People's Republic of Korea,116,2002,3319
Democratic People's Republic of Korea,116,2007,3200
Democratic People's Republic of Korea,116,2012,3116
Democratic People's Republic of Korea,116,2014,3067
Democratic Republic of the Congo,250,1962,79983
Democratic Republic of the Congo,250,1967,69812
Democratic Republic of the Congo,250,1972,60745
Democratic Republic of the Congo,250,1977,52922
Democratic Republic of the Congo,250,1982,46249
Democratic Republic of the Congo,250,1987,40445
Democratic Republic of the Congo,250,1992,33956
Democratic Republic of the Congo,250,1997,28794
Democratic Republic of the Congo,250,2002,25171
Democratic Republic of the Congo,250,2007,21442
Democratic Republic of the Congo,250,2012,18253
Democratic Republic of the Congo,250,2014,16605
Denmark,54,1962,1291
Denmark,54,1967,1242
Denmark,54,1972,1203
Denmark,54,1977,1177
Denmark,54,1982,1171
Denmark,54,1987,1173
Denmark,54,1992,1160
Denmark,54,1997,1137
Denmark,54,2002,1118
Denmark,54,2007,1097
Denmark,54,2012,1071
Denmark,54,2014,1058
Djibouti,72,1962,3185
Djibouti,72,1967,2283
Djibouti,72,1972,1674
Djibouti,72,1977,1081
Djibouti,72,1982,779.8
Djibouti,72,1987,617.8
Djibouti,72,1992,478.4
Djibouti,72,1997,437.6
Djibouti,72,2002,402.4
Djibouti,72,2007,375.3
Djibouti,72,2012,351.7
Djibouti,72,2014,337.9
Dominica,55,1962,3227
Dominica,55,1967,2955
Dominica,55,1972,2788
Dominica,55,1977,2724
Dominica,55,1982,2661
Dominica,55,1987,2764
Dominica,55,1992,2818
Dominica,55,1997,2826
Dominica,55,2002,2865
Dominica,55,2007,2825
Dominica,55,2012,2790
Dominica,55,2014,2752
Dominican Republic,56,1962,6674
Dominican Republic,56,1967,5697
Dominican Republic,56,1972,4937
Dominican Republic,56,1977,4342
Dominican Republic,56,1982,3866
Dominican Republic,56,1987,3474
Dominican Republic,56,1992,3146
Dominican Republic,56,1997,2879
Dominican Republic,56,2002,2661
Dominican Republic,56,2007,2473
Dominican Republic,56,2012,2314
Dominican Republic,56,2014,2232
Ecuador,58,1962,91918
Ecuador,58,1967,79483
Ecuador,58,1972,68813
Ecuador,58,1977,59995
Ecuador,58,1982,52711
Ecuador,58,1987,46549
Ecuador,58,1992,41323
Ecuador,58,1997,37099
Ecuador,58,2002,33843
Ecuador,58,2007,31144
Ecuador,58,2012,28692
Ecuador,58,2014,27403
Egypt,59,1962,2041
Egypt,59,1967,1796
Egypt,59,1972,1606
Egypt,59,1977,1444
Egypt,59,1982,1278
Egypt,59,1987,1117
Egypt,59,1992,989.4
Egypt,59,1997,900.3
Egypt,59,2002,822.2
Egypt,59,2007,751.2
Egypt,59,2012,680.6
Egypt,59,2014,637.1
El Salvador,60,1962,8972
El Salvador,60,1967,7763
El Salvador,60,1972,6802
El Salvador,60,1977,6068
El Salvador,60,1982,5563
El Salvador,60,1987,5200
El Salvador,60,1992,4872
El Salvador,60,1997,4615
El Salvador,60,2002,4472
El Salvador,60,2007,4389
El Salvador,60,2012,4326
El Salvador,60,2014,4288
Equatorial Guinea,61,1962,100814
Equatorial Guinea,61,1967,92068
Equatorial Guinea,61,1972,94580
Equatorial Guinea,61,1977,117967
Equatorial Guinea,61,1982,103462
Equatorial Guinea,61,1987,75736
Equatorial Guinea,61,1992,64341
Equatorial Guinea,61,1997,54189
Equatorial Guinea,61,2002,45799
Equatorial Guinea,61,2007,39051
Equatorial Guinea,61,2012,33605
Equatorial Guinea,61,2014,30766
Eritrea,178,1997,2243
Eritrea,178,2002,1931
Eritrea,178,2007,1660
Eritrea,178,2012,1495
Eritrea,178,2014,1399
Estonia,63,1992,8422
Estonia,63,1997,9085
Estonia,63,2002,9262
Estonia,63,2007,9531
Estonia,63,2012,9675
Estonia,63,2014,9756
Ethiopia,238,1997,2004
Ethiopia,238,2002,1733
Ethiopia,238,2007,1508
Ethiopia,238,2012,1323
Ethiopia,238,2014,1227
Fiji,66,1962,67718
Fiji,66,1967,58516
Fiji,66,1972,52598
Fiji,66,1977,47719
Fiji,66,1982,42727
Fiji,66,1987,39559
Fiji,66,1992,38348
Fiji,66,1997,36007
Fiji,66,2002,35001
Fiji,66,2007,34204
Fiji,66,2012,32658
Fiji,66,2014,32003
Finland,67,1962,24472
Finland,67,1967,23997
Finland,67,1972,23681
Finland,67,1977,23212
Finland,67,1982,22793
Finland,67,1987,22281
Finland,67,1992,21847
Finland,67,1997,21397
Finland,67,2002,21150
Finland,67,2007,20798
Finland,67,2012,20276
Finland,67,2014,19989
France,68,1962,4478
France,68,1967,4238
France,68,1972,4078
France,68,1977,3943
France,68,1982,3870
France,68,1987,3768
France,68,1992,3670
France,68,1997,3597
France,68,2002,3512
France,68,2007,3405
France,68,2012,3320
France,68,2014,3277
Gabon,74,1962,325618
Gabon,74,1967,299747
Gabon,74,1972,270755
Gabon,74,1977,244549
Gabon,74,1982,216456
Gabon,74,1987,189303
Gabon,74,1992,165174
Gabon,74,1997,145105
Gabon,74,2002,128782
Gabon,74,2007,115198
Gabon,74,2012,102914
Gabon,74,2014,96232
Gambia,75,1962,20860
Gambia,75,1967,19217
Gambia,75,1972,16860
Gambia,75,1977,14498
Gambia,75,1982,12342
Gambia,75,1987,9949
Gambia,75,1992,8166
Gambia,75,1997,7098
Gambia,75,2002,6116
Gambia,75,2007,5208
Gambia,75,2012,4427
Gambia,75,2014,4018
Georgia,73,1992,11846
Georgia,73,1997,12869
Georgia,73,2002,13678
Georgia,73,2007,14439
Georgia,73,2012,15301
Georgia,73,2014,15832
Germany,79,1962,2074
Germany,79,1967,1997
Germany,79,1972,1957
Germany,79,1977,1961
Germany,79,1982,1979
Germany,79,1987,1978
Germany,79,1992,1923
Germany,79,1997,1878
Germany,79,2002,1885
Germany,79,2007,1905
Germany,79,2012,1914
Germany,79,2014,1909
Ghana,81,1962,7932
Ghana,81,1967,6975
Ghana,81,1972,6187
Ghana,81,1977,5515
Ghana,81,1982,4892
Ghana,81,1987,4169
Ghana,81,1992,3632
Ghana,81,1997,3199
Ghana,81,2002,2840
Ghana,81,2007,2495
Ghana,81,2012,2200
Ghana,81,2014,2050
Greece,84,1962,8131
Greece,84,1967,7925
Greece,84,1972,7724
Greece,84,1977,7390
Greece,84,1982,7000
Greece,84,1987,6854
Greece,84,1992,6627
Greece,84,1997,6335
Greece,84,2002,6212
Greece,84,2007,6145
Greece,84,2012,6157
Greece,84,2014,6244
Grenada,86,1962,2164
Grenada,86,1967,2106
Grenada,86,1972,2129
Grenada,86,1977,2218
Grenada,86,1982,2148
Grenada,86,1987,2012
Grenada,86,1992,2058
Grenada,86,1997,1978
Grenada,86,2002,1959
Grenada,86,2007,1931
Grenada,86,2012,1896
Grenada,86,2014,1873
Guatemala,89,1962,29355
Guatemala,89,1967,25616
Guatemala,89,1972,22290
Guatemala,89,1977,19438
Guatemala,89,1982,17035
Guatemala,89,1987,15005
Guatemala,89,1992,13297
Guatemala,89,1997,11764
Guatemala,89,2002,10422
Guatemala,89,2007,9269
Guatemala,89,2012,8322
Guatemala,89,2014,7826
Guinea,90,1962,61230
Guinea,90,1967,56191
Guinea,90,1972,52644
Guinea,90,1977,51434
Guinea,90,1982,48239
Guinea,90,1987,42047
Guinea,90,1992,33477
Guinea,90,1997,27128
Guinea,90,2002,24797
Guinea,90,2007,22259
Guinea,90,2012,19434
Guinea,90,2014,17924
Guinea-Bissau,175,1962,49841
Guinea-Bissau,175,1967,46594
Guinea-Bissau,175,1972,42542
Guinea-Bissau,175,1977,38982
Guinea-Bissau,175,1982,35472
Guinea-Bissau,175,1987,31791
Guinea-Bissau,175,1992,28416
Guinea-Bissau,175,1997,25446
Guinea-Bissau,175,2002,22886
Guinea-Bissau,175,2007,20563
Guinea-Bissau,175,2012,18309
Guinea-Bissau,175,2014,17028
Guyana,91,1962,451215
Guyana,91,1967,403274
Guyana,91,1972,380511
Guyana,91,1977,355456
Guyana,91,1982,345003
Guyana,91,1987,363661
Guyana,91,1992,377648
Guyana,91,1997,369310
Guyana,91,2002,364688
Guyana,91,2007,363466
Guyana,91,2012,357331
Guyana,91,2014,353279
Haiti,93,1962,3487
Haiti,93,1967,3156
Haiti,93,1972,2877
Haiti,93,1977,2627
Haiti,93,1982,2356
Haiti,93,1987,2103
Haiti,93,1992,1899
Haiti,93,1997,1730
Haiti,93,2002,1588
Haiti,93,2007,1468
Haiti,93,2012,1364
Haiti,93,2014,1310
Honduras,95,1962,43086
Honduras,95,1967,37072
Honduras,95,1972,32394
Honduras,95,1977,27868
Honduras,95,1982,23826
Honduras,95,1987,20489
Honduras,95,1992,17792
Honduras,95,1997,15738
Honduras,95,2002,14181
Honduras,95,2007,12918
Honduras,95,2012,11913
Honduras,95,2014,11413
Hungary,97,1962,10333
Hungary,97,1967,10157
Hungary,97,1972,9984
Hungary,97,1977,9764
Hungary,97,1982,9701
Hungary,97,1987,9922
Hungary,97,1992,10034
Hungary,97,1997,10086
Hungary,97,2002,10228
Hungary,97,2007,10334
Hungary,97,2012,10444
Hungary,97,2014,10553
Iceland,99,1962,930997
Iceland,99,1967,861196
Iceland,99,1972,809909
Iceland,99,1977,765421
Iceland,99,1982,729301
Iceland,99,1987,688538
Iceland,99,1992,654098
Iceland,99,1997,623167
Iceland,99,2002,592541
Iceland,99,2007,556647
Iceland,99,2012,525665
Iceland,99,2014,516090
India,100,1962,4083
India,100,1967,3681
India,100,1972,3296
India,100,1977,2936
India,100,1982,2617
India,100,1987,2338
India,100,1992,2108
India,100,1997,1915
India,100,2002,1753
India,100,2007,1620
India,100,2012,1512
India,100,2014,1458
Indonesia,101,1962,21813
Indonesia,101,1967,19064
Indonesia,101,1972,16678
Indonesia,101,1977,14703
Indonesia,101,1982,13067
Indonesia,101,1987,11757
Indonesia,101,1992,10753
Indonesia,101,1997,9953
Indonesia,101,2002,9288
Indonesia,101,2007,8691
Indonesia,101,2012,8140
Indonesia,101,2014,7839
Iran (Islamic Republic of),102,1962,5938
Iran (Islamic Republic of),102,1967,5206
Iran (Islamic Republic of),102,1972,4555
Iran (Islamic Republic of),102,1977,3935
Iran (Islamic Republic of),102,1982,3273
Iran (Islamic Republic of),102,1987,2678
Iran (Islamic Republic of),102,1992,2357
Iran (Islamic Republic of),102,1997,2195
Iran (Islamic Republic of),102,2002,2024
Iran (Islamic Republic of),102,2007,1910
Iran (Islamic Republic of),102,2012,1799
Iran (Islamic Republic of),102,2014,1732
Iraq,103,1962,11710
Iraq,103,1967,10044
Iraq,103,1972,8477
Iraq,103,1977,7211
Iraq,103,1982,6224
Iraq,103,1987,5515
Iraq,103,1992,4865
Iraq,103,1997,4176
Iraq,103,2002,3602
Iraq,103,2007,3161
Iraq,103,2012,2727
Iraq,103,2014,2467
Ireland,104,1962,18427
Ireland,104,1967,18043
Ireland,104,1972,17173
Ireland,104,1977,15815
Ireland,104,1982,14853
Ireland,104,1987,14582
Ireland,104,1992,14517
Ireland,104,1997,14031
Ireland,104,2002,13105
Ireland,104,2007,11848
Ireland,104,2012,11140
Ireland,104,2014,11092
Israel,105,1962,786.2
Israel,105,1967,670.9
Israel,105,1972,586.7
Israel,105,1977,506.5
Israel,105,1982,458.3
Israel,105,1987,422.2
Israel,105,1992,370.3
Israel,105,1997,316.2
Israel,105,2002,285.3
Israel,105,2007,257.2
Israel,105,2012,231.3
Israel,105,2014,220.7
Italy,106,1962,3791
Italy,106,1967,3648
Italy,106,1972,3525
Italy,106,1977,3430
Italy,106,1982,3378
Italy,106,1987,3357
Italy,106,1992,3352
Italy,106,1997,3353
Italy,106,2002,3318
Italy,106,2007,3235
Italy,106,2012,3202
Italy,106,2014,3199
Jamaica,109,1962,6437
Jamaica,109,1967,5985
Jamaica,109,1972,5606
Jamaica,109,1977,5237
Jamaica,109,1982,4892
Jamaica,109,1987,4606
Jamaica,109,1992,4466
Jamaica,109,1997,4268
Jamaica,109,2002,4106
Jamaica,109,2007,4000
Jamaica,109,2012,3916
Jamaica,109,2014,3874
Japan,110,1962,4562
Japan,110,1967,4312
Japan,110,1972,4033
Japan,110,1977,3803
Japan,110,1982,3653
Japan,110,1987,3553
Japan,110,1992,3491
Japan,110,1997,3439
Japan,110,2002,3406
Japan,110,2007,3379
Japan,110,2012,3382
Japan,110,2014,3397
Jordan,112,1962,973.2
Jordan,112,1967,709.8
Jordan,112,1972,517.1
Jordan,112,1977,447.9
Jordan,112,1982,380.4
Jordan,112,1987,314.2
Jordan,112,1992,250.3
Jordan,112,1997,206.2
Jordan,112,2002,189.7
Jordan,112,2007,162.7
Jordan,112,2012,134
Jordan,112,2014,123.4
Kazakhstan,108,1992,6596
Kazakhstan,108,1997,7009
Kazakhstan,108,2002,7221
Kazakhstan,108,2007,6880
Kazakhstan,108,2012,6444
Kazakhstan,108,2014,6150
Kenya,114,1962,3558
Kenya,114,1967,3023
Kenya,114,1972,2541
Kenya,114,1977,2113
Kenya,114,1982,1748
Kenya,114,1987,1452
Kenya,114,1992,1227
Kenya,114,1997,1064
Kenya,114,2002,939.1
Kenya,114,2007,824.1
Kenya,114,2012,721.6
Kenya,114,2014,666.7
Kuwait,118,1962,59.67
Kuwait,118,1967,34.14
Kuwait,118,1972,23.07
Kuwait,118,1977,16.93
Kuwait,118,1982,13.17
Kuwait,118,1987,10.43
Kuwait,118,1992,10.48
Kuwait,118,1997,11.86
Kuwait,118,2002,9.794
Kuwait,118,2007,7.877
Kuwait,118,2012,5.848
Kuwait,118,2014,5.139
Kyrgyzstan,113,1992,5276
Kyrgyzstan,113,1997,4988
Kyrgyzstan,113,2002,4698
Kyrgyzstan,113,2007,4517
Kyrgyzstan,113,2012,4182
Kyrgyzstan,113,2014,3976
Lao People's Democratic Republic,120,1962,150225
Lao People's Democratic Republic,120,1967,133667
Lao People's Democratic Republic,120,1972,117512
Lao People's Democratic Republic,120,1977,106515
Lao People's Democratic Republic,120,1982,98233
Lao People's Democratic Republic,120,1987,85623
Lao People's Democratic Republic,120,1992,74161
Lao People's Democratic Republic,120,1997,65792
Lao People's Democratic Republic,120,2002,60614
Lao People's Democratic Republic,120,2007,56145
Lao People's Democratic Republic,120,2012,51522
Lao People's Democratic Republic,120,2014,49030
Latvia,119,1992,13577
Latvia,119,1997,14559
Latvia,119,2002,15300
Latvia,119,2007,16329
Latvia,119,2012,17403
Latvia,119,2014,17995
Lebanon,121,1962,2339
Lebanon,121,1967,2070
Lebanon,121,1972,1863
Lebanon,121,1977,1728
Lebanon,121,1982,1711
Lebanon,121,1987,1685
Lebanon,121,1992,1596
Lebanon,121,1997,1456
Lebanon,121,2002,1278
Lebanon,121,2007,1102
Lebanon,121,2012,914.5
Lebanon,121,2014,769.6
Lesotho,122,1962,3427
Lesotho,122,1967,3112
Lesotho,122,1972,2811
Lesotho,122,1977,2500
Lesotho,122,1982,2199
Lesotho,122,1987,1988
Lesotho,122,1992,1820
Lesotho,122,1997,1677
Lesotho,122,2002,1603
Lesotho,122,2007,1545
Lesotho,122,2012,1469
Lesotho,122,2014,1415
Liberia,123,1962,198291
Liberia,123,1967,176426
Liberia,123,1972,154977
Liberia,123,1977,134571
Liberia,123,1982,113949
Liberia,123,1987,105647
Liberia,123,1992,114342
Liberia,123,1997,98097
Liberia,123,2002,75545
Liberia,123,2007,65872
Liberia,123,2012,55370
Liberia,123,2014,51521
Libya,124,1962,455.7
Libya,124,1967,375.9
Libya,124,1972,303.4
Libya,124,1977,246.5
Libya,124,1982,202.9
Libya,124,1987,171.7
Libya,124,1992,152.3
Libya,124,1997,138.3
Libya,124,2002,126.9
Libya,124,2007,116.3
Libya,124,2012,111.4
Libya,124,2014,111.5
Lithuania,126,1992,6638
Lithuania,126,1997,6855
Lithuania,126,2002,7137
Lithuania,126,2007,7506
Lithuania,126,2012,8123
Lithuania,126,2014,8513
Luxembourg,256,1962,8967
Luxembourg,256,1967,8698
Luxembourg,256,1972,8541
Luxembourg,256,1977,8452
Luxembourg,256,1982,8393
Luxembourg,256,1987,8353
Luxembourg,256,1992,8229
Luxembourg,256,1997,8087
Luxembourg,256,2002,7888
Luxembourg,256,2007,7373
Luxembourg,256,2012,6573
Luxembourg,256,2014,6172
Madagascar,129,1962,62955
Madagascar,129,1967,55501
Madagascar,129,1972,48475
Madagascar,129,1977,41957
Madagascar,129,1982,36547
Madagascar,129,1987,31904
Madagascar,129,1992,27479
Madagascar,129,1997,23519
Madagascar,129,2002,20136
Madagascar,129,2007,17397
Madagascar,129,2012,15116
Madagascar,129,2014,13906
Malawi,130,1962,4567
Malawi,130,1967,4054
Malawi,130,1972,3556
Malawi,130,1977,3070
Malawi,130,1982,2665
Malawi,130,1987,2131
Malawi,130,1992,1785
Malawi,130,1997,1684
Malawi,130,2002,1466
Malawi,130,2007,1280
Malawi,130,2012,1101
Malawi,130,2014,1004
Malaysia,131,1962,66582
Malaysia,131,1967,57358
Malaysia,131,1972,50611
Malaysia,131,1977,44989
Malaysia,131,1982,39879
Malaysia,131,1987,34722
Malaysia,131,1992,30200
Malaysia,131,1997,26596
Malaysia,131,2002,23769
Malaysia,131,2007,21698
Malaysia,131,2012,19985
Malaysia,131,2014,19122
Maldives,132,1962,316.1
Maldives,132,1967,279.1
Maldives,132,1972,243.1
Maldives,132,1977,207.5
Maldives,132,1982,176.6
Maldives,132,1987,147.7
Maldives,132,1992,127.1
Maldives,132,1997,113.2
Maldives,132,2002,103.4
Maldives,132,2007,95.09
Maldives,132,2012,87.01
Maldives,132,2014,82.49
Mali,133,1962,22301
Mali,133,1967,21030
Mali,133,1972,19522
Mali,133,1977,17876
Mali,133,1982,16245
Mali,133,1987,14864
Mali,133,1992,13497
Mali,133,1997,11802
Mali,133,2002,10236
Mali,133,2007,8722
Mali,133,2012,7448
Mali,133,2014,6818
Malta,134,1962,162.7
Malta,134,1967,165.7
Malta,134,1972,165.7
Malta,134,1977,162.2
Malta,134,1982,154.4
Malta,134,1987,146.2
Malta,134,1992,139.3
Malta,134,1997,133.3
Malta,134,2002,129.1
Malta,134,2007,125.3
Malta,134,2012,121.5
Malta,134,2014,120.6
Mauritania,136,1962,12538
Mauritania,136,1967,10837
Mauritania,136,1972,9360
Mauritania,136,1977,8097
Mauritania,136,1982,7020
Mauritania,136,1987,6113
Mauritania,136,1992,5327
Mauritania,136,1997,4604
Mauritania,136,2002,3951
Mauritania,136,2007,3425
Mauritania,136,2012,3018
Mauritania,136,2014,2802
Mauritius,137,1962,3940
Mauritius,137,1967,3505
Mauritius,137,1972,3227
Mauritius,137,1977,2983
Mauritius,137,1982,2782
Mauritius,137,1987,2671
Mauritius,137,1992,2540
Mauritius,137,1997,2384
Mauritius,137,2002,2289
Mauritius,137,2007,2231
Mauritius,137,2012,2187
Mauritius,137,2014,2161
Mexico,138,1962,11363
Mexico,138,1967,9739
Mexico,138,1972,8326
Mexico,138,1977,7179
Mexico,138,1982,6367
Mexico,138,1987,5733
Mexico,138,1992,5183
Mexico,138,1997,4717
Mexico,138,2002,4375
Mexico,138,2007,4083
Mexico,138,2012,3784
Mexico,138,2014,3637
Mongolia,141,1962,34421
Mongolia,141,1967,29668
Mongolia,141,1972,25645
Mongolia,141,1977,22279
Mongolia,141,1982,19573
Mongolia,141,1987,17118
Mongolia,141,1992,15508
Mongolia,141,1997,14897
Mongolia,141,2002,14239
Mongolia,141,2007,13421
Mongolia,141,2012,12393
Mongolia,141,2014,11761
Morocco,143,1962,2214
Morocco,143,1967,1936
Morocco,143,1972,1732
Morocco,143,1977,1552
Morocco,143,1982,1376
Morocco,143,1987,1231
Morocco,143,1992,1121
Morocco,143,1997,1038
Morocco,143,2002,981.9
Morocco,143,2007,935.2
Morocco,143,2012,879.2
Morocco,143,2014,843.6
Mozambique,144,1962,27837
Mozambique,144,1967,25043
Mozambique,144,1972,22428
Mozambique,144,1977,19733
Mozambique,144,1982,17351
Mozambique,144,1987,16518
Mozambique,144,1992,15284
Mozambique,144,1997,12867
Mozambique,144,2002,11220
Mozambique,144,2007,9709
Mozambique,144,2012,8437
Mozambique,144,2014,7760
Myanmar,28,1962,52034
Myanmar,28,1967,46316
Myanmar,28,1972,40958
Myanmar,28,1977,36351
Myanmar,28,1982,32355
Myanmar,28,1987,29196
Myanmar,28,1992,27083
Myanmar,28,1997,25449
Myanmar,28,2002,23988
Myanmar,28,2007,23038
Myanmar,28,2012,22229
Myanmar,28,2014,21671
Namibia,147,1962,63079
Namibia,147,1967,55539
Namibia,147,1972,48096
Namibia,147,1977,42024
Namibia,147,1982,37758
Namibia,147,1987,32005
Namibia,147,1992,26361
Namibia,147,1997,22702
Namibia,147,2002,20383
Namibia,147,2007,19160
Namibia,147,2012,17413
Namibia,147,2014,16230
Nepal,149,1962,20256
Nepal,149,1967,18590
Nepal,149,1972,16832
Nepal,149,1977,15107
Nepal,149,1982,13478
Nepal,149,1987,12031
Nepal,149,1992,10634
Nepal,149,1997,9386
Nepal,149,2002,8574
Nepal,149,2007,8065
Nepal,149,2012,7643
Nepal,149,2014,7372
Netherlands,150,1962,7754
Netherlands,150,1967,7265
Netherlands,150,1972,6874
Netherlands,150,1977,6581
Netherlands,150,1982,6384
Netherlands,150,1987,6218
Netherlands,150,1992,6015
Netherlands,150,1997,5820
Netherlands,150,2002,5661
Netherlands,150,2007,5528
Netherlands,150,2012,5433
Netherlands,150,2014,5377
New Zealand,156,1962,132015
New Zealand,156,1967,120932
New Zealand,156,1972,111604
New Zealand,156,1977,104707
New Zealand,156,1982,102540
New Zealand,156,1987,98792
New Zealand,156,1992,93349
New Zealand,156,1997,87154
New Zealand,156,2002,82534
New Zealand,156,2007,77159
New Zealand,156,2012,73715
New Zealand,156,2014,72201
Nicaragua,157,1962,87175
Nicaragua,157,1967,75114
Nicaragua,157,1972,64510
Nicaragua,157,1977,55313
Nicaragua,157,1982,47875
Nicaragua,157,1987,42364
Nicaragua,157,1992,37982
Nicaragua,157,1997,34364
Nicaragua,157,2002,31806
Nicaragua,157,2007,29790
Nicaragua,157,2012,27990
Nicaragua,157,2014,27047
Niger,158,1962,9466
Niger,158,1967,8217
Niger,158,1972,7164
Niger,158,1977,6218
Niger,158,1982,5406
Niger,158,1987,4708
Niger,158,1992,4033
Niger,158,1997,3385
Niger,158,2002,2820
Niger,158,2007,2344
Niger,158,2012,1931
Niger,158,2014,1711
Nigeria,159,1962,6074
Nigeria,159,1967,5455
Nigeria,159,1972,4865
Nigeria,159,1977,4245
Nigeria,159,1982,3682
Nigeria,159,1987,3237
Nigeria,159,1992,2845
Nigeria,159,1997,2511
Nigeria,159,2002,2214
Nigeria,159,2007,1945
Nigeria,159,2012,1701
Nigeria,159,2014,1571
Norway,162,1962,107997
Norway,162,1967,103831
Norway,162,1972,99924
Norway,162,1977,97229
Norway,162,1982,95667
Norway,162,1987,93997
Norway,162,1992,91694
Norway,162,1997,89055
Norway,162,2002,86621
Norway,162,2007,83316
Norway,162,2012,78318
Norway,162,2014,75417
Occupied Palestinian Territory,299,1962,741.4
Occupied Palestinian Territory,299,1967,718.5
Occupied Palestinian Territory,299,1972,709.3
Occupied Palestinian Territory,299,1977,598.7
Occupied Palestinian Territory,299,1982,523.1
Occupied Palestinian Territory,299,1987,445.4
Occupied Palestinian Territory,299,1992,366
Occupied Palestinian Territory,299,1997,291.4
Occupied Palestinian Territory,299,2002,247.6
Occupied Palestinian Territory,299,2007,222.9
Occupied Palestinian Territory,299,2012,194.7
Occupied Palestinian Territory,299,2014,179.3
Oman,221,1962,2419
Oman,221,1967,2121
Oman,221,1972,1803
Oman,221,1977,1432
Oman,221,1982,1085
Oman,221,1987,863.7
Oman,221,1992,707.1
Oman,221,1997,628.4
Oman,221,2002,602.7
Oman,221,2007,539.7
Oman,221,2012,394.9
Oman,221,2014,311.7
Pakistan,165,1962,5237
Pakistan,165,1967,4605
Pakistan,165,1972,4023
Pakistan,165,1977,3478
Pakistan,165,1982,2958
Pakistan,165,1987,2511
Pakistan,165,1992,2172
Pakistan,165,1997,1915
Pakistan,165,2002,1711
Pakistan,165,2007,1545
Pakistan,165,2012,1391
Pakistan,165,2014,1306
Panama,166,1962,115890
Panama,166,1967,99928
Panama,166,1972,86629
Panama,166,1977,75789
Panama,166,1982,67165
Panama,166,1987,60095
Panama,166,1992,54097
Panama,166,1997,48826
Panama,166,2002,44293
Panama,166,2007,40518
Panama,166,2012,37206
Panama,166,2014,35454
Papua New Guinea,168,1962,393225
Papua New Guinea,168,1967,354582
Papua New Guinea,168,1972,310947
Papua New Guinea,168,1977,269879
Papua New Guinea,168,1982,235866
Papua New Guinea,168,1987,207245
Papua New Guinea,168,1992,183337
Papua New Guinea,168,1997,161199
Papua New Guinea,168,2002,141695
Papua New Guinea,168,2007,125411
Papua New Guinea,168,2012,111950
Papua New Guinea,168,2014,105132
Paraguay,169,1962,193416
Paraguay,169,1967,169345
Paraguay,169,1972,149326
Paraguay,169,1977,132129
Paraguay,169,1982,115177
Paraguay,169,1987,99820
Paraguay,169,1992,87480
Paraguay,169,1997,77871
Paraguay,169,2002,70394
Paraguay,169,2007,65002
Paraguay,169,2012,60793
Paraguay,169,2014,58412
Peru,170,1962,176509
Peru,170,1967,153070
Peru,170,1972,133599
Peru,170,1977,117054
Peru,170,1982,103149
Peru,170,1987,91923
Peru,170,1992,82685
Peru,170,1997,75724
Peru,170,2002,70674
Peru,170,2007,66448
Peru,170,2012,62336
Peru,170,2014,59916
Philippines,171,1962,17058
Philippines,171,1967,14592
Philippines,171,1972,12630
Philippines,171,1977,10974
Philippines,171,1982,9567
Philippines,171,1987,8358
Philippines,171,1992,7360
Philippines,171,1997,6558
Philippines,171,2002,5892
Philippines,171,2007,5384
Philippines,171,2012,4989
Philippines,171,2014,4757
Poland,173,1962,1982
Poland,173,1967,1886
Poland,173,1972,1815
Poland,173,1977,1740
Poland,173,1982,1657
Poland,173,1987,1598
Poland,173,1992,1576
Poland,173,1997,1568
Poland,173,2002,1573
Poland,173,2007,1571
Poland,173,2012,1567
Poland,173,2014,1567
Portugal,174,1962,8680
Portugal,174,1967,8822
Portugal,174,1972,8789
Portugal,174,1977,8198
Portugal,174,1982,7840
Portugal,174,1987,7809
Portugal,174,1992,7784
Portugal,174,1997,7618
Portugal,174,2002,7470
Portugal,174,2007,7336
Portugal,174,2012,7361
Portugal,174,2014,7478
Puerto Rico,177,1962,2907
Puerto Rico,177,1967,2696
Puerto Rico,177,1972,2548
Puerto Rico,177,1977,2338
Puerto Rico,177,1982,2172
Puerto Rico,177,1987,2071
Puerto Rico,177,1992,1979
Puerto Rico,177,1997,1895
Puerto Rico,177,2002,1871
Puerto Rico,177,2007,1899
Puerto Rico,177,2012,1921
Puerto Rico,177,2014,1928
Qatar,179,1962,1032
Qatar,179,1967,673.2
Qatar,179,1972,444.8
Qatar,179,1977,318
Qatar,179,1982,209.2
Qatar,179,1987,137
Qatar,179,1992,118.4
Qatar,179,1997,109.8
Qatar,179,2002,91.42
Qatar,179,2007,49.19
Qatar,179,2012,28.77
Qatar,179,2014,25.95
Republic of Korea,117,1962,2631
Republic of Korea,117,1967,2354
Republic of Korea,117,1972,2128
Republic of Korea,117,1977,1945
Republic of Korea,117,1982,1803
Republic of Korea,117,1987,1676
Republic of Korea,117,1992,1595
Republic of Korea,117,1997,1539
Republic of Korea,117,2002,1490
Republic of Korea,117,2007,1446
Republic of Korea,117,2012,1405
Republic of Korea,117,2014,1386
Republic of Moldova,146,1992,2805
Republic of Moldova,146,1997,2863
Republic of Moldova,146,2002,2938
Republic of Moldova,146,2007,2972
Republic of Moldova,146,2012,3011
Republic of Moldova,146,2014,3015
Romania,183,1962,11203
Romania,183,1967,10701
Romania,183,1972,10089
Romania,183,1977,9600
Romania,183,1982,9281
Romania,183,1987,9094
Romania,183,1992,9070
Romania,183,1997,9367
Romania,183,2002,9702
Romania,183,2007,10105
Romania,183,2012,10629
Romania,183,2014,10866
Russian Federation,185,1992,30508
Russian Federation,185,1997,30621
Russian Federation,185,2002,31165
Russian Federation,185,2007,31604
Russian Federation,185,2012,31580
Russian Federation,185,2014,31543
Rwanda,184,1962,4359
Rwanda,184,1967,3891
Rwanda,184,1972,3338
Rwanda,184,1977,2861
Rwanda,184,1982,2424
Rwanda,184,1987,1973
Rwanda,184,1992,1981
Rwanda,184,1997,2044
Rwanda,184,2002,1558
Rwanda,184,2007,1403
Rwanda,184,2012,1230
Rwanda,184,2014,1146
Saint Kitts and Nevis,188,1962,470.9
Saint Kitts and Nevis,188,1967,506.5
Saint Kitts and Nevis,188,1972,541.4
Saint Kitts and Nevis,188,1977,546.1
Saint Kitts and Nevis,188,1982,561.3
Saint Kitts and Nevis,188,1987,580.4
Saint Kitts and Nevis,188,1992,580.3
Saint Kitts and Nevis,188,1997,546.9
Saint Kitts and Nevis,188,2002,511.3
Saint Kitts and Nevis,188,2007,475.5
Saint Kitts and Nevis,188,2012,447.3
Saint Kitts and Nevis,188,2014,431.9
Saint Lucia,189,1962,3258
Saint Lucia,189,1967,3014
Saint Lucia,189,1972,2817
Saint Lucia,189,1977,2660
Saint Lucia,189,1982,2475
Saint Lucia,189,1987,2290
Saint Lucia,189,1992,2114
Saint Lucia,189,1997,1987
Saint Lucia,189,2002,1873
Saint Lucia,189,2007,1763
Saint Lucia,189,2012,1658
Saint Lucia,189,2014,1622
Saint Vincent and the Grenadines,191,1962,1202
Saint Vincent and the Grenadines,191,1967,1140
Saint Vincent and the Grenadines,191,1972,1081
Saint Vincent and the Grenadines,191,1977,1024
Saint Vincent and the Grenadines,191,1982,978.5
Saint Vincent and the Grenadines,191,1987,944.3
Saint Vincent and the Grenadines,191,1992,925.9
Saint Vincent and the Grenadines,191,1997,925.9
Saint Vincent and the Grenadines,191,2002,924.2
Saint Vincent and the Grenadines,191,2007,917.4
Saint Vincent and the Grenadines,191,2012,914.9
Saint Vincent and the Grenadines,191,2014,913.2
Sao Tome and Principe,193,1962,33835
Sao Tome and Principe,193,1967,32120
Sao Tome and Principe,193,1972,28115
Sao Tome and Principe,193,1977,24931
Sao Tome and Principe,193,1982,22089
Sao Tome and Principe,193,1987,20317
Sao Tome and Principe,193,1992,18412
Sao Tome and Principe,193,1997,16756
Sao Tome and Principe,193,2002,15234
Sao Tome and Principe,193,2007,13616
Sao Tome and Principe,193,2012,12213
Sao Tome and Principe,193,2014,11456
Saudi Arabia,194,1962,550.1
Saudi Arabia,194,1967,461.9
Saudi Arabia,194,1972,376.1
Saudi Arabia,194,1977,289.3
Saudi Arabia,194,1982,213.4
Saudi Arabia,194,1987,163.9
Saudi Arabia,194,1992,137.9
Saudi Arabia,194,1997,121.2
Saudi Arabia,194,2002,105.9
Saudi Arabia,194,2007,92.01
Saudi Arabia,194,2012,81.37
Saudi Arabia,194,2014,76.09
Senegal,195,1962,11612
Senegal,195,1967,10088
Senegal,195,1972,8689
Senegal,195,1977,7552
Senegal,195,1982,6619
Senegal,195,1987,5692
Senegal,195,1992,4877
Senegal,195,1997,4253
Senegal,195,2002,3751
Senegal,195,2007,3276
Senegal,195,2012,2828
Senegal,195,2014,2576
Serbia,272,2007,17766
Serbia,272,2012,18056
Serbia,272,2014,18326
Sierra Leone,197,1962,71429
Sierra Leone,197,1967,66667
Sierra Leone,197,1972,61397
Sierra Leone,197,1977,55421
Sierra Leone,197,1982,49628
Sierra Leone,197,1987,43455
Sierra Leone,197,1992,40723
Sierra Leone,197,1997,41634
Sierra Leone,197,2002,36183
Sierra Leone,197,2007,29679
Sierra Leone,197,2012,26477
Sierra Leone,197,2014,24795
Singapore,200,1962,344.4
Singapore,200,1967,306
Singapore,200,1972,278.7
Singapore,200,1977,258.8
Singapore,200,1982,238.1
Singapore,200,1987,212.5
Singapore,200,1992,187.9
Singapore,200,1997,164.2
Singapore,200,2002,145.1
Singapore,200,2007,126.8
Singapore,200,2012,113.2
Singapore,200,2014,107.1
Slovakia,199,1997,9316
Slovakia,199,2002,9304
Slovakia,199,2007,9292
Slovakia,199,2012,9250
Slovakia,199,2014,9233
Slovenia,198,1992,15887
Slovenia,198,1997,16031
Slovenia,198,2002,16031
Slovenia,198,2007,15801
Slovenia,198,2012,15448
Slovenia,198,2014,15411
Solomon Islands,25,1962,357314
Solomon Islands,25,1967,307428
Solomon Islands,25,1972,258980
Solomon Islands,25,1977,215007
Solomon Islands,25,1982,181339
Solomon Islands,25,1987,155803
Solomon Islands,25,1992,135455
Solomon Islands,25,1997,117663
Solomon Islands,25,2002,102782
Solomon Islands,25,2007,90835
Solomon Islands,25,2012,81391
Solomon Islands,25,2014,76594
Somalia,201,1962,5113
Somalia,201,1967,4555
Somalia,201,1972,4212
Somalia,201,1977,3092
Somalia,201,1982,2344
Somalia,201,1987,2395
Somalia,201,1992,2336
Somalia,201,1997,2203
Somalia,201,2002,1878
Somalia,201,2007,1650
Somalia,201,2012,1465
Somalia,201,2014,1363
South Africa,202,1962,2803
South Africa,202,1967,2464
South Africa,202,1972,2163
South Africa,202,1977,1901
South Africa,202,1982,1678
South Africa,202,1987,1490
South Africa,202,1992,1329
South Africa,202,1997,1196
South Africa,202,2002,1110
South Africa,202,2007,1033
South Africa,202,2012,971.9
South Africa,202,2014,942.4
South Sudan,277,2012,4508
South Sudan,277,2014,4011
Spain,203,1962,3583
Spain,203,1967,3392
Spain,203,1972,3213
Spain,203,1977,3039
Spain,203,1982,2918
Spain,203,1987,2863
Spain,203,1992,2830
Spain,203,1997,2788
Spain,203,2002,2667
Spain,203,2007,2466
Spain,203,2012,2391
Spain,203,2014,2418
Sri Lanka,38,1962,5094
Sri Lanka,38,1967,4528
Sri Lanka,38,1972,4061
Sri Lanka,38,1977,3699
Sri Lanka,38,1982,3406
Sri Lanka,38,1987,3171
Sri Lanka,38,1992,2976
Sri Lanka,38,1997,2857
Sri Lanka,38,2002,2770
Sri Lanka,38,2007,2665
Sri Lanka,38,2012,2585
Sri Lanka,38,2014,2549
Sudan,276,2012,1002
Sudan,276,2014,939.5
Suriname,207,1962,323213
Suriname,207,1967,282212
Suriname,207,1972,266631
Suriname,207,1977,274238
Suriname,207,1982,271978
Suriname,207,1987,257880
Suriname,207,1992,233711
Suriname,207,1997,214471
Suriname,207,2002,203578
Suriname,207,2007,197605
Suriname,207,2012,187323
Suriname,207,2014,182320
Swaziland,209,1962,12333
Swaziland,209,1967,10960
Swaziland,209,1972,9549
Swaziland,209,1977,8199
Swaziland,209,1982,7055
Swaziland,209,1987,5877
Swaziland,209,1992,4967
Swaziland,209,1997,4479
Swaziland,209,2002,4168
Swaziland,209,2007,3974
Swaziland,209,2012,3661
Swaziland,209,2014,3504
Sweden,210,1962,22967
Sweden,210,1967,22106
Sweden,210,1972,21423
Sweden,210,1977,21101
Sweden,210,1982,20906
Sweden,210,1987,20680
Sweden,210,1992,20051
Sweden,210,1997,19641
Sweden,210,2002,19524
Sweden,210,2007,19010
Sweden,210,2012,18233
Sweden,210,2014,17793
Switzerland,211,1962,9722
Switzerland,211,1967,8929
Switzerland,211,1972,8533
Switzerland,211,1977,8437
Switzerland,211,1982,8437
Switzerland,211,1987,8192
Switzerland,211,1992,7851
Switzerland,211,1997,7546
Switzerland,211,2002,7387
Switzerland,211,2007,7077
Switzerland,211,2012,6668
Switzerland,211,2014,6447
Syrian Arab Republic,212,1962,3431
Syrian Arab Republic,212,1967,2913
Syrian Arab Republic,212,1972,2460
Syrian Arab Republic,212,1977,2077
Syrian Arab Republic,212,1982,1747
Syrian Arab Republic,212,1987,1477
Syrian Arab Republic,212,1992,1274
Syrian Arab Republic,212,1997,1109
Syrian Arab Republic,212,2002,988.4
Syrian Arab Republic,212,2007,864.8
Syrian Arab Republic,212,2012,840.9
Syrian Arab Republic,212,2014,908
Tajikistan,208,1992,3967
Tajikistan,208,1997,3690
Tajikistan,208,2002,3420
Tajikistan,208,2007,3086
Tajikistan,208,2012,2763
Tajikistan,208,2014,2583
Thailand,216,1962,15082
Thailand,216,1967,12985
Thailand,216,1972,11228
Thailand,216,1977,9875
Thailand,216,1982,8903
Thailand,216,1987,8125
Thailand,216,1992,7593
Thailand,216,1997,7244
Thailand,216,2002,6838
Thailand,216,2007,6610
Thailand,216,2012,6530
Thailand,216,2014,6454
The former Yugoslav Republic of Macedonia,154,1992,3237
The former Yugoslav Republic of Macedonia,154,1997,3250
The former Yugoslav Republic of Macedonia,154,2002,3154
The former Yugoslav Republic of Macedonia,154,2007,3120
The former Yugoslav Republic of Macedonia,154,2012,3093
The former Yugoslav Republic of Macedonia,154,2014,3080
Timor-Leste,176,1962,15877
Timor-Leste,176,1967,14481
Timor-Leste,176,1972,12915
Timor-Leste,176,1977,13036
Timor-Leste,176,1982,13832
Timor-Leste,176,1987,11920
Timor-Leste,176,1992,10362
Timor-Leste,176,1997,9621
Timor-Leste,176,2002,9181
Timor-Leste,176,2007,8046
Timor-Leste,176,2012,7455
Timor-Leste,176,2014,6932
Togo,217,1962,9113
Togo,217,1967,7925
Togo,217,1972,6539
Togo,217,1977,5836
Togo,217,1982,5043
Togo,217,1987,4234
Togo,217,1992,3690
Togo,217,1997,3262
Togo,217,2002,2859
Togo,217,2007,2496
Togo,217,2012,2179
Togo,217,2014,2012
Trinidad and Tobago,220,1962,4364
Trinidad and Tobago,220,1967,4147
Trinidad and Tobago,220,1972,3964
Trinidad and Tobago,220,1977,3692
Trinidad and Tobago,220,1982,3426
Trinidad and Tobago,220,1987,3213
Trinidad and Tobago,220,1992,3104
Trinidad and Tobago,220,1997,3045
Trinidad and Tobago,220,2002,3005
Trinidad and Tobago,220,2007,2934
Trinidad and Tobago,220,2012,2861
Trinidad and Tobago,220,2014,2824
Tunisia,222,1962,1073
Tunisia,222,1967,974
Tunisia,222,1972,872.7
Tunisia,222,1977,780.2
Tunisia,222,1982,685.3
Tunisia,222,1987,600
Tunisia,222,1992,536.4
Tunisia,222,1997,491.8
Tunisia,222,2002,467.9
Tunisia,222,2007,448.1
Tunisia,222,2012,424.1
Tunisia,222,2014,410.1
Turkey,223,1962,7319
Turkey,223,1967,6521
Turkey,223,1972,5801
Turkey,223,1977,5158
Turkey,223,1982,4600
Turkey,223,1987,4135
Turkey,223,1992,3791
Turkey,223,1997,3504
Turkey,223,2002,3249
Turkey,223,2007,3044
Turkey,223,2012,2827
Turkey,223,2014,2690
Turkmenistan,213,1992,6381
Turkmenistan,213,1997,5713
Turkmenistan,213,2002,5385
Turkmenistan,213,2007,5099
Turkmenistan,213,2012,4788
Turkmenistan,213,2014,4609
Uganda,226,1962,8301
Uganda,226,1967,7004
Uganda,226,1972,6017
Uganda,226,1977,5239
Uganda,226,1982,4513
Uganda,226,1987,3836
Uganda,226,1992,3236
Uganda,226,1997,2772
Uganda,226,2002,2370
Uganda,226,2007,2004
Uganda,226,2012,1698
Uganda,226,2014,1540
Ukraine,230,1992,3416
Ukraine,230,1997,3499
Ukraine,230,2002,3660
Ukraine,230,2007,3790
Ukraine,230,2012,3868
Ukraine,230,2014,3911
United Arab Emirates,225,1962,1337
United Arab Emirates,225,1967,873.1
United Arab Emirates,225,1972,462.8
United Arab Emirates,225,1977,207.5
United Arab Emirates,225,1982,129.5
United Arab Emirates,225,1987,98.75
United Arab Emirates,225,1992,74.29
United Arab Emirates,225,1997,57.8
United Arab Emirates,225,2002,44.2
United Arab Emirates,225,2007,24.96
United Arab Emirates,225,2012,16.75
United Arab Emirates,225,2014,16.38
United Kingdom,229,1962,2766
United Kingdom,229,1967,2677
United Kingdom,229,1972,2628
United Kingdom,229,1977,2614
United Kingdom,229,1982,2613
United Kingdom,229,1987,2595
United Kingdom,229,1992,2560
United Kingdom,229,1997,2523
United Kingdom,229,2002,2479
United Kingdom,229,2007,2404
United Kingdom,229,2012,2312
United Kingdom,229,2014,2271
United Republic of Tanzania,215,1962,9011
United Republic of Tanzania,215,1967,7760
United Republic of Tanzania,215,1972,6637
United Republic of Tanzania,215,1977,5657
United Republic of Tanzania,215,1982,4839
United Republic of Tanzania,215,1987,4149
United Republic of Tanzania,215,1992,3539
United Republic of Tanzania,215,1997,3053
United Republic of Tanzania,215,2002,2685
United Republic of Tanzania,215,2007,2319
United Republic of Tanzania,215,2012,1979
United Republic of Tanzania,215,2014,1800
United States of America,231,1962,15996
United States of America,231,1967,15065
United States of America,231,1972,14394
United States of America,231,1977,13757
United States of America,231,1982,13118
United States of America,231,1987,12505
United States of America,231,1992,11900
United States of America,231,1997,11247
United States of America,231,2002,10639
United States of America,231,2007,10174
United States of America,231,2012,9749
United States of America,231,2014,9538
Uruguay,234,1962,66129
Uruguay,234,1967,62618
Uruguay,234,1972,61042
Uruguay,234,1977,60273
Uruguay,234,1982,58294
Uruguay,234,1987,56459
Uruguay,234,1992,54580
Uruguay,234,1997,52644
Uruguay,234,2002,51743
Uruguay,234,2007,51557
Uruguay,234,2012,50692
Uruguay,234,2014,50175
Uzbekistan,235,1992,2282
Uzbekistan,235,1997,2082
Uzbekistan,235,2002,1948
Uzbekistan,235,2007,1838
Uzbekistan,235,2012,1709
Uzbekistan,235,2014,1635
Vanuatu,155,1962,147471
Vanuatu,155,1967,127356
Vanuatu,155,1972,110108
Vanuatu,155,1977,94162
Vanuatu,155,1982,82372
Vanuatu,155,1987,73475
Vanuatu,155,1992,64433
Vanuatu,155,1997,57143
Vanuatu,155,2002,51546
Vanuatu,155,2007,45455
Vanuatu,155,2012,40404
Vanuatu,155,2014,37793
Venezuela (Bolivarian Republic of),236,1962,150722
Venezuela (Bolivarian Republic of),236,1967,125855
Venezuela (Bolivarian Republic of),236,1972,107846
Venezuela (Bolivarian Republic of),236,1977,93785
Venezuela (Bolivarian Republic of),236,1982,81861
Venezuela (Bolivarian Republic of),236,1987,71862
Venezuela (Bolivarian Republic of),236,1992,63705
Venezuela (Bolivarian Republic of),236,1997,57339
Venezuela (Bolivarian Republic of),236,2002,52167
Venezuela (Bolivarian Republic of),236,2007,47884
Venezuela (Bolivarian Republic of),236,2012,44383
Venezuela (Bolivarian Republic of),236,2014,42594
Viet Nam,237,1962,25490
Viet Nam,237,1967,22061
Viet Nam,237,1972,19410
Viet Nam,237,1977,17369
Viet Nam,237,1982,15529
Viet Nam,237,1987,13840
Viet Nam,237,1992,12429
Viet Nam,237,1997,11414
Viet Nam,237,2002,10793
Viet Nam,237,2007,10308
Viet Nam,237,2012,9787
Viet Nam,237,2014,9461
Yemen,249,1962,393.3
Yemen,249,1967,360.4
Yemen,249,1972,329.6
Yemen,249,1977,290.6
Yemen,249,1982,241.4
Yemen,249,1987,199.2
Yemen,249,1992,158.6
Yemen,249,1997,128.4
Yemen,249,2002,111.5
Yemen,249,2007,96.77
Yemen,249,2012,84.39
Yemen,249,2014,78.26
Zambia,251,1962,32336
Zambia,251,1967,27630
Zambia,251,1972,23372
Zambia,251,1977,19611
Zambia,251,1982,16496
Zambia,251,1987,14031
Zambia,251,1992,12219
Zambia,251,1997,10733
Zambia,251,2002,9408
Zambia,251,2007,8227
Zambia,251,2012,7087
Zambia,251,2014,6464
Zimbabwe,181,1962,4993
Zimbabwe,181,1967,4238
Zimbabwe,181,1972,3589
Zimbabwe,181,1977,3039
Zimbabwe,181,1982,2539
Zimbabwe,181,1987,2097
Zimbabwe,181,1992,1815
Zimbabwe,181,1997,1658
Zimbabwe,181,2002,1576
Zimbabwe,181,2007,1504
Zimbabwe,181,2012,1373
Zimbabwe,181,2014,1282
